{"materials":[{"id":950,"path":"Resources/unity_builtin_extra\\Default-Skybox","assetBundleId":-2,"data":["Default-Skybox",0,154,1000,0,[["_SunDisk",1],["_SunSize",0.0399999991059303],["_SunSizeConvergence",5],["_AtmosphereThickness",1],["_Exposure",1.29999995231628]],[["_SkyTint",0.5,0.5,0.5,1],["_GroundColor",0.368999987840652,0.349000006914139,0.340999990701675,1]],[],[],[["_SUNDISK_SIMPLE",1]]]}],"shaders":[{"id":28,"assetBundleId":-2,"data":[[],"UI/Default",null,["UNITY_UI_ALPHACLIP","UNITY_UI_CLIP_RECT","STEREO_CUBEMAP_RENDER_ON","STEREO_INSTANCING_ON","STEREO_MULTIVIEW_ON","UNITY_SINGLE_PASS_STEREO","_"],[[0,0,"Default",0,"",0,[0,"unity_GUIZTestMode"],[0,null],[0,null],[[1,null],[10,null],[0,null]],[[1,null],[10,null],[0,null]],[0,"_ColorMask"],[0,null],[0,null],[0,"_Stencil"],[0,"_StencilReadMask"],[0,"_StencilWriteMask"],[[0,"_StencilOp"],[0,null],[0,null],[0,"_StencilComp"]],[[0,null],[0,null],[0,null],[8,null]],[[0,null],[0,null],[0,null],[8,null]],[["CanUseSpriteAtlas","true"],["IGNOREPROJECTOR","true"],["PreviewType","Plane"],["QUEUE","Transparent"],["RenderType","Transparent"]],["STEREO_CUBEMAP_RENDER_ON","STEREO_INSTANCING_ON","STEREO_MULTIVIEW_ON","UNITY_SINGLE_PASS_STEREO","UNITY_UI_ALPHACLIP","UNITY_UI_CLIP_RECT","_"],[],[[0,0,[],0,1,1,0]],[],0]],[],[["_MainTex",4,0,0,0,0,"white",2],["_Color",0,1,1,1,1,"",0],["_StencilComp",2,8,0,0,0,"",0],["_Stencil",2,0,0,0,0,"",0],["_StencilOp",2,0,0,0,0,"",0],["_StencilWriteMask",2,255,0,0,0,"",0],["_StencilReadMask",2,255,0,0,0,"",0],["_ColorMask",2,15,0,0,0,"",0],["_UseUIAlphaClip",2,0,0,0,0,"",0]],null,null,0,0,0,0,0]},{"id":296,"assetBundleId":-2,"data":[[],"Mobile/Particles/Alpha Blended",null,["FOG_EXP","FOG_EXP2","FOG_LINEAR","STEREO_CUBEMAP_RENDER_ON","STEREO_INSTANCING_ON","STEREO_MULTIVIEW_ON","UNITY_SINGLE_PASS_STEREO","_"],[[0,0,"",0,"",0,[4,null],[0,null],[0,null],[[5,null],[10,null],[0,null]],[[5,null],[10,null],[0,null]],[15,null],[0,null],[0,null],[0,null],[255,null],[255,null],[[0,null],[0,null],[0,null],[8,null]],[[0,null],[0,null],[0,null],[8,null]],[[0,null],[0,null],[0,null],[8,null]],[["IGNOREPROJECTOR","true"],["PreviewType","Plane"],["QUEUE","Transparent"],["RenderType","Transparent"]],["FOG_EXP","FOG_EXP2","FOG_LINEAR","STEREO_CUBEMAP_RENDER_ON","STEREO_INSTANCING_ON","STEREO_MULTIVIEW_ON","UNITY_SINGLE_PASS_STEREO","_"],[],[[0,0,[],2,3,1,0]],[],0]],[],[["_MainTex",4,0,0,0,0,"white",0]],null,null,0,0,0,0,0]},{"id":306,"assetBundleId":-2,"data":[[],"Unlit/Texture",null,["FOG_EXP","FOG_EXP2","FOG_LINEAR","STEREO_CUBEMAP_RENDER_ON","STEREO_INSTANCING_ON","STEREO_MULTIVIEW_ON","UNITY_SINGLE_PASS_STEREO","__"],[[0,0,"",0,"",0,[4,null],[1,null],[2,null],[[1,null],[0,null],[0,null]],[[1,null],[0,null],[0,null]],[15,null],[0,null],[0,null],[0,null],[255,null],[255,null],[[0,null],[0,null],[0,null],[8,null]],[[0,null],[0,null],[0,null],[8,null]],[[0,null],[0,null],[0,null],[8,null]],[["RenderType","Opaque"]],["FOG_EXP","FOG_EXP2","FOG_LINEAR","STEREO_CUBEMAP_RENDER_ON","STEREO_INSTANCING_ON","STEREO_MULTIVIEW_ON","UNITY_SINGLE_PASS_STEREO","__"],[],[[0,0,[],4,5,1,0]],[],0]],[],[["_MainTex",4,0,0,0,0,"white",0]],null,null,0,0,0,0,0]},{"id":48,"assetBundleId":-2,"data":[[],"Hidden/BlitCopy",null,["STEREO_CUBEMAP_RENDER_ON","STEREO_INSTANCING_ON","STEREO_MULTIVIEW_ON","UNITY_SINGLE_PASS_STEREO"],[[0,0,"",0,"",0,[8,null],[0,null],[0,null],[[1,null],[0,null],[0,null]],[[1,null],[0,null],[0,null]],[15,null],[0,null],[0,null],[0,null],[255,null],[255,null],[[0,null],[0,null],[0,null],[8,null]],[[0,null],[0,null],[0,null],[8,null]],[[0,null],[0,null],[0,null],[8,null]],[],["STEREO_CUBEMAP_RENDER_ON","STEREO_INSTANCING_ON","STEREO_MULTIVIEW_ON","UNITY_SINGLE_PASS_STEREO"],[],[],[],0]],[],[["_MainTex",4,0,0,0,0,"",0],["_Color",0,1,1,1,1,"",0]],null,null,0,0,0,0,0]},{"id":154,"assetBundleId":-2,"data":[[],"Skybox/Procedural",null,["_SUNDISK_HIGH_QUALITY","_SUNDISK_NONE","_SUNDISK_SIMPLE","STEREO_CUBEMAP_RENDER_ON","STEREO_INSTANCING_ON","STEREO_MULTIVIEW_ON","UNITY_SINGLE_PASS_STEREO"],[[0,0,"",0,"",0,[4,null],[0,null],[0,null],[[1,null],[0,null],[0,null]],[[1,null],[0,null],[0,null]],[15,null],[0,null],[0,null],[0,null],[255,null],[255,null],[[0,null],[0,null],[0,null],[8,null]],[[0,null],[0,null],[0,null],[8,null]],[[0,null],[0,null],[0,null],[8,null]],[["PreviewType","Skybox"],["QUEUE","Background"],["RenderType","Background"]],["STEREO_CUBEMAP_RENDER_ON","STEREO_INSTANCING_ON","STEREO_MULTIVIEW_ON","UNITY_SINGLE_PASS_STEREO","_SUNDISK_HIGH_QUALITY","_SUNDISK_NONE","_SUNDISK_SIMPLE"],[],[],[],0]],[],[["_SunDisk",2,2,0,0,0,"",0],["_SunSize",3,0.0399999991059303,0,1,0,"",0],["_SunSizeConvergence",3,5,1,10,0,"",0],["_AtmosphereThickness",3,1,0,5,0,"",0],["_SkyTint",0,0.5,0.5,0.5,1,"",0],["_GroundColor",0,0.368999987840652,0.349000006914139,0.340999990701675,1,"",0],["_Exposure",3,1.29999995231628,0,8,0,"",0]],null,null,0,0,0,0,0]},{"id":302,"assetBundleId":-2,"data":[[],"Unlit/Transparent",null,["FOG_EXP","FOG_EXP2","FOG_LINEAR","STEREO_CUBEMAP_RENDER_ON","STEREO_INSTANCING_ON","STEREO_MULTIVIEW_ON","UNITY_SINGLE_PASS_STEREO","__"],[[0,0,"",0,"",0,[4,null],[0,null],[2,null],[[5,null],[10,null],[0,null]],[[5,null],[10,null],[0,null]],[15,null],[0,null],[0,null],[0,null],[255,null],[255,null],[[0,null],[0,null],[0,null],[8,null]],[[0,null],[0,null],[0,null],[8,null]],[[0,null],[0,null],[0,null],[8,null]],[["IGNOREPROJECTOR","true"],["QUEUE","Transparent"],["RenderType","Transparent"]],["FOG_EXP","FOG_EXP2","FOG_LINEAR","STEREO_CUBEMAP_RENDER_ON","STEREO_INSTANCING_ON","STEREO_MULTIVIEW_ON","UNITY_SINGLE_PASS_STEREO","__"],[],[[0,0,[],4,6,1,0]],[],0]],[],[["_MainTex",4,0,0,0,0,"white",0]],null,null,0,0,0,0,0]},{"id":294,"assetBundleId":-2,"data":[[],"Mobile/Particles/Additive",null,["FOG_EXP","FOG_EXP2","FOG_LINEAR","STEREO_CUBEMAP_RENDER_ON","STEREO_INSTANCING_ON","STEREO_MULTIVIEW_ON","UNITY_SINGLE_PASS_STEREO","_"],[[0,0,"",0,"",0,[4,null],[0,null],[0,null],[[5,null],[1,null],[0,null]],[[5,null],[1,null],[0,null]],[15,null],[0,null],[0,null],[0,null],[255,null],[255,null],[[0,null],[0,null],[0,null],[8,null]],[[0,null],[0,null],[0,null],[8,null]],[[0,null],[0,null],[0,null],[8,null]],[["IGNOREPROJECTOR","true"],["PreviewType","Plane"],["QUEUE","Transparent"],["RenderType","Transparent"]],["FOG_EXP","FOG_EXP2","FOG_LINEAR","STEREO_CUBEMAP_RENDER_ON","STEREO_INSTANCING_ON","STEREO_MULTIVIEW_ON","UNITY_SINGLE_PASS_STEREO","_"],[],[[0,0,[],2,3,1,0]],[],0]],[],[["_MainTex",4,0,0,0,0,"white",0]],null,null,0,0,0,0,0]}],"sprites":[{"id":972,"path":"Resources/unity_builtin_extra\\Background","assetBundleId":-2,"data":["Background",1,970,[0,0,0,0.08,0.08,0],[0.05,0.08,0,0.8125,1,0.08,-0.08,0,1,0,0.08,0.075,0,1,0.96875,-0.07,0.08,0,0.0625,1,-0.075,-0.08,0,0.03124997,0,-0.08,0.07,0,0,0.9375,-0.08,-0.05,0,0,0.1875],[6,5,4,3,4,5,1,4,3,0,1,3,2,1,0],-0.000835968181490898,-0.00160364620387554,0.999164044857025,0.998396337032318,0,0,1,1,0.3125,0.3125,0.3125,0.3125,[0,0,0,0],[-0.08,-0.08,0.08,0.08],200,32,32,32,32,16,16,0.0267509818077087,0.0513166785240173]},{"id":988,"path":"Resources/unity_builtin_extra\\UIMask","assetBundleId":-2,"data":["UIMask",1,986,[0,0,0,0.07,0.07,0],[0.055,0.07,0,0.84375,0.9375,0.07,-0.06,0,0.9375,0.125,0.07,0.055,0,0.9375,0.84375,0.055,-0.07,0,0.84375,0.0625,-0.065,-0.07,0,0.09375,0.0625,-0.07,0.07,0,0.0625,0.9375,-0.07,-0.06,0,0.0625,0.125],[6,5,4,0,4,5,3,4,0,1,3,0,2,1,0],-0.000835970044136047,-0.000835970044136047,0.999164044857025,0.999164044857025,0.0625,0.0625,0.9375,0.9375,0.3125,0.3125,0.3125,0.3125,[0,0,0,0],[-0.08,-0.08,0.08,0.08],200,32,32,32,32,16,16,2.02675104141235,2.02675104141235]}],"textures":[{"id":970,"type":0,"path":"Resources/unity_builtin_extra\\Background","assetBundleId":-2,"data":["Background",32,32,6,16,1,0,4,1,1,1,8,0,0,1,1]},{"id":986,"type":0,"path":"Resources/unity_builtin_extra\\UIMask","assetBundleId":-2,"data":["UIMask",32,32,6,16,1,0,4,1,1,1,8,0,0,1,1]}],"cubemaps":[{"id":1012,"type":2,"path":"Assets/!/_Scenes/LunaScene.unity/PrefilteredEnvironment.exr","assetBundleId":-2,"data":["Default-Skybox-Cubemap",-49698,8,1,128,0,2,[0,0,0.25,0.5,0,0.5,0.25,1,0.25,0,0.5,0.5,0.25,0.5,0.5,1,0.5,0,0.75,0.5,0.75,0,1,0.5,0.5,0.5,0.625,0.75,0.5,0.75,0.625,1,0.625,0.5,0.75,0.75,0.625,0.75,0.75,1,0.75,0.5,0.875,0.75,0.875,0.5,1,0.75,0.75,0.75,0.8125,0.875,0.75,0.875,0.8125,1,0.8125,0.75,0.875,0.875,0.8125,0.875,0.875,1,0.875,0.75,0.9375,0.875,0.9375,0.75,1,0.875,0.875,0.875,0.90625,0.9375,0.875,0.9375,0.90625,1,0.90625,0.875,0.9375,0.9375,0.90625,0.9375,0.9375,1,0.9375,0.875,0.96875,0.9375,0.96875,0.875,1,0.9375,0.9375,0.9375,0.953125,0.96875,0.9375,0.96875,0.953125,1,0.953125,0.9375,0.96875,0.96875,0.953125,0.96875,0.96875,1,0.96875,0.9375,0.984375,0.96875,0.984375,0.9375,1,0.96875,0.96875,0.96875,0.9765625,0.984375,0.96875,0.984375,0.9765625,1,0.9765625,0.96875,0.984375,0.984375,0.9765625,0.984375,0.984375,1,0.984375,0.96875,0.9921875,0.984375,0.9921875,0.96875,1,0.984375,0.984375,0.984375,0.98828125,0.9921875,0.984375,0.9921875,0.98828125,1,0.98828125,0.984375,0.9921875,0.9921875,0.98828125,0.9921875,0.9921875,1,0.9921875,0.984375,0.99609375,0.9921875,0.99609375,0.984375,1,0.9921875,0.9921875,0.9921875,0.994140625,0.99609375,0.9921875,0.99609375,0.994140625,1,0.994140625,0.9921875,0.99609375,0.99609375,0.994140625,0.99609375,0.99609375,1,0.99609375,0.9921875,0.998046875,0.99609375,0.998046875,0.9921875,1,0.99609375],1,1]}],"resources":[{"id":0,"assetBundleId":-2,"data":[[["unity_builtin_extra",0,306],["unity_builtin_extra",0,302],["unity_builtin_extra",0,294],["unity_builtin_extra",0,296],["unity_builtin_extra",1,970],["unity_builtin_extra",41,972],["unity_builtin_extra",0,154],["unity_builtin_extra",6,950],["unity_builtin_extra",49,1012],["unity_builtin_extra",0,28],["fonts & materials/liberationsans sdf",1,41882],["fonts & materials/liberationsans sdf",6,41880],["fonts & materials/liberationsans sdf - fallback",1,41932],["fonts & materials/liberationsans sdf - fallback",6,41930],["fonts & materials/liberationsans sdf - fallback",40,41928],["fonts & materials/liberationsans sdf",40,41878],["sprite assets/emojione",6,43452],["sprite assets/emojione",97,41906],["style sheets/default style sheet",98,41868],["linebreaking leading characters",99,42976],["linebreaking following characters",99,42978],["tmp settings",96,41984],["debuguicanvas",31,43240],["unity_builtin_extra",1,986],["unity_builtin_extra",41,988],["debuguipersistentcanvas",31,43242],["fonts & materials/liberationsans sdf - drop shadow",6,41724],["fonts & materials/liberationsans sdf - outline",6,41952]],[42906,42904,42970,42904,42972,42904,42974,42904,51490,51212,42956,42854,42960,42854,42874,42854,-49244,51618,42966,42854,42968,42854,-49250,51618,51378,51618,42902,42854,42962,42854,42954,42854,42876,42854,42862,42854,42858,42854,42856,42854,51408,51618,-49322,51618,-49328,51618,51972,51618,51960,51618,-49274,51618,-49280,51618,51240,51618,51946,51618,-49220,51618,-49226,51618,51292,51618,51898,51618,-49298,51618,-49304,51618,51910,51618,51974,51618,46312,45566,47316,45566,45792,45566,48432,45566,45780,45566,46316,45566,47320,45566,48440,45566,46314,45566,45568,45566,45510,45566,45784,45566,46296,45566,45570,45566,46308,45566,47300,45566,45786,45566,48420,45566,46302,45566,47296,45566,45788,45566,48422,45566,47276,45566,47284,45566,46322,45566,47306,45566,45796,45566,48446,45566,45572,45566,46294,45566,46288,45566,45512,45576,45578,45576,45580,45576,46326,45576,46330,45576,45514,45584,45808,45584,46342,45584,45588,45584,47330,45584,46338,45584,45586,45584,46334,45584,46336,45584,45516,45592,45596,45592,47354,45592,45812,45592,47348,45592,47340,45592,47360,45592,45818,45592,45820,45592,45822,45592,45824,45592,45826,45592,45594,45592,46346,45592,46348,45592,45518,45600,45604,45600,47366,45600,45828,45600,47386,45600,47374,45600,47380,45600,45834,45600,45836,45600,45838,45600,45840,45600,45842,45600,45602,45600,46362,45600,46364,45600,45520,45608,45612,45608,47406,45608,45844,45608,47400,45608,47394,45608,47412,45608,45850,45608,45852,45608,45854,45608,45856,45608,45858,45608,45610,45608,46378,45608,46380,45608,45522,45616,45620,45616,46398,45616,45860,45616,46396,45616,45864,45616,45866,45616,45868,45616,45618,45616,46394,45616,46400,45616,45524,45624,45626,45624,45874,45624,45878,45624,46410,45624,45632,45630,45894,45630,45896,45630,45898,45630,45526,45630,45634,45630,46424,45630,46422,45630,45640,45638,45920,45638,45922,45638,45924,45638,45926,45638,45528,45638,45910,45638,46456,45638,46458,45638,45642,45638,47458,45638,47460,45638,45912,45638,46464,45638,46466,45638,47446,45638,47448,45638,45914,45638,46472,45638,46474,45638,47454,45638,47456,45638,45916,45638,46482,45638,46484,45638,47450,45638,47452,45638,46442,45638,46440,45638,46444,45638,46446,45638,46448,45638,46450,45638,46452,45638,45648,45646,45938,45646,45940,45646,45942,45646,45530,45646,45946,45646,46504,45646,46506,45646,45650,45646,47492,45646,47494,45646,45948,45646,46516,45646,46518,45646,47488,45646,47490,45646,46496,45646,46494,45646,46498,45646,46500,45646,45656,45654,45960,45654,45962,45654,45964,45654,45532,45654,45968,45654,46546,45654,46548,45654,45658,45654,47514,45654,47516,45654,45970,45654,46552,45654,46554,45654,47522,45654,47524,45654,45972,45654,46558,45654,46560,45654,47518,45654,47520,45654,46530,45654,46520,45654,46532,45654,46534,45654,46536,45654,45664,45662,45994,45662,45996,45662,45998,45662,45534,45662,45984,45662,46584,45662,46586,45662,45666,45662,47552,45662,47554,45662,45986,45662,46596,45662,46598,45662,47548,45662,47550,45662,45988,45662,46604,45662,46606,45662,47560,45662,47562,45662,45990,45662,46590,45662,46592,45662,47556,45662,47558,45662,46572,45662,46562,45662,46574,45662,46576,45662,46578,45662,46580,45662,45536,45670,45538,45674,45680,45678,46026,45678,45540,45678,45682,45678,46620,45678,45688,45686,46098,45686,46100,45686,46102,45686,45542,45686,46032,45686,47700,45686,48620,45686,46694,45686,48608,45686,47688,45686,46692,45686,45690,45686,47684,45686,47686,45686,46034,45686,47754,45686,48700,45686,46754,45686,48694,45686,47760,45686,46752,45686,47756,45686,47758,45686,46036,45686,47744,45686,48522,45686,46748,45686,48530,45686,47938,45686,46746,45686,47934,45686,47936,45686,46038,45686,47734,45686,48652,45686,46878,45686,48750,45686,47682,45686,46876,45686,47678,45686,47680,45686,46040,45686,47812,45686,48794,45686,46718,45686,48586,45686,47612,45686,46716,45686,47608,45686,47610,45686,46042,45686,47710,45686,48718,45686,46628,45686,48646,45686,47818,45686,46626,45686,47814,45686,47816,45686,46044,45686,47838,45686,48590,45686,46712,45686,48512,45686,47888,45686,46710,45686,47884,45686,47886,45686,46046,45686,47604,45686,48576,45686,46890,45686,48594,45686,47730,45686,46888,45686,47726,45686,47728,45686,46048,45686,47974,45686,48570,45686,46688,45686,48580,45686,47916,45686,46686,45686,47912,45686,47914,45686,46050,45686,47776,45686,48780,45686,46854,45686,48596,45686,47878,45686,46852,45686,47874,45686,47876,45686,46052,45686,47882,45686,48678,45686,46866,45686,48578,45686,47694,45686,46864,45686,47690,45686,47692,45686,46054,45686,47900,45686,48542,45686,46884,45686,48582,45686,47906,45686,46882,45686,47902,45686,47904,45686,46056,45686,47642,45686,48762,45686,46634,45686,48630,45686,47638,45686,46632,45686,47634,45686,47636,45686,46058,45686,47862,45686,48724,45686,46706,45686,48788,45686,47828,45686,46704,45686,47824,45686,47826,45686,46060,45686,47622,45686,48798,45686,46736,45686,48552,45686,47664,45686,46734,45686,47660,45686,47662,45686,46062,45686,47724,45686,48756,45686,46730,45686,48814,45686,47674,45686,46728,45686,47670,45686,47672,45686,46064,45686,47954,45686,48766,45686,46742,45686,48600,45686,47706,45686,46740,45686,47702,45686,47704,45686,46066,45686,47872,45686,48672,45686,46646,45686,48584,45686,47944,45686,46644,45686,47940,45686,47942,45686,46068,45686,47866,45686,48628,45686,46676,45686,48808,45686,47894,45686,46674,45686,47890,45686,47892,45686,46070,45686,47822,45686,48806,45686,46896,45686,48786,45686,47834,45686,46894,45686,47830,45686,47832,45686,46072,45686,47748,45686,48824,45686,46724,45686,48602,45686,47966,45686,46722,45686,47962,45686,47964,45686,46074,45686,47594,45686,48624,45686,46682,45686,48514,45686,47768,45686,46680,45686,47764,45686,47766,45686,46076,45686,47806,45686,48728,45686,46640,45686,48604,45686,47960,45686,46638,45686,47956,45686,47958,45686,46078,45686,47590,45686,48704,45686,46872,45686,48730,45686,47922,45686,46870,45686,47918,45686,47920,45686,46080,45686,47718,45686,48526,45686,46652,45686,48534,45686,47802,45686,46650,45686,47798,45686,47800,45686,46082,45686,47648,45686,48738,45686,46848,45686,48802,45686,47656,45686,46846,45686,47652,45686,47654,45686,46084,45686,47786,45686,48562,45686,46842,45686,48656,45686,47632,45686,46840,45686,47628,45686,47630,45686,46086,45686,47930,45686,48614,45686,46670,45686,48768,45686,47950,45686,46668,45686,47946,45686,47948,45686,46088,45686,47626,45686,48538,45686,46658,45686,48706,45686,47858,45686,46656,45686,47854,45686,47856,45686,46090,45686,47772,45686,48746,45686,46860,45686,48740,45686,47850,45686,46858,45686,47846,45686,47848,45686,46092,45686,47586,45686,48662,45686,46664,45686,48674,45686,47618,45686,46662,45686,47614,45686,47616,45686,46094,45686,47910,45686,48774,45686,46700,45686,48742,45686,47740,45686,46698,45686,47736,45686,47738,45686,46764,45686,46762,45686,46766,45686,46768,45686,46770,45686,46772,45686,46774,45686,46776,45686,46778,45686,46780,45686,46782,45686,46784,45686,46786,45686,46788,45686,46790,45686,46792,45686,46794,45686,46796,45686,46798,45686,46800,45686,46802,45686,46804,45686,46806,45686,46808,45686,46810,45686,46812,45686,46814,45686,46816,45686,46818,45686,46820,45686,46822,45686,46824,45686,46826,45686,46828,45686,45544,45694,46118,45694,46900,45694,45698,45694,47978,45694,46906,45694,45696,45694,46902,45694,46904,45694,45546,45702,45704,45702,45706,45702,46916,45702,46912,45702,45712,45710,46138,45710,46140,45710,46142,45710,45548,45710,45714,45710,46928,45710,46926,45710,45550,45718,45720,45718,46938,45718,45552,45724,45728,45724,46162,45724,46164,45724,45726,45724,46942,45724,46946,45724,45554,45732,45734,45732,45736,45732,46952,45732,46956,45732,45556,45740,45742,45740,45744,45740,46960,45740,46964,45740,45558,45748,45752,45748,46976,45748,46974,45748,46182,45748,46184,45748,46186,45748,45750,45748,46968,45748,46978,45748,45560,45756,45760,45756,46986,45756,46198,45756,46984,45756,46192,45756,46194,45756,46196,45756,45758,45756,46988,45756,46990,45756,45766,45764,46270,45764,46272,45764,46274,45764,45562,45764,46204,45764,48136,45764,48942,45764,47068,45764,48930,45764,48124,45764,47066,45764,45768,45764,48120,45764,48122,45764,46206,45764,48190,45764,49022,45764,47196,45764,49016,45764,48196,45764,47194,45764,48192,45764,48194,45764,46208,45764,48180,45764,48844,45764,47190,45764,48852,45764,48374,45764,47188,45764,48370,45764,48372,45764,46210,45764,48170,45764,48974,45764,47252,45764,49072,45764,48118,45764,47250,45764,48114,45764,48116,45764,46212,45764,48248,45764,49116,45764,47092,45764,48908,45764,48048,45764,47090,45764,48044,45764,48046,45764,46214,45764,48146,45764,49040,45764,47002,45764,48968,45764,48254,45764,47000,45764,48250,45764,48252,45764,46216,45764,48274,45764,48912,45764,47086,45764,48834,45764,48324,45764,47084,45764,48320,45764,48322,45764,46218,45764,48040,45764,48898,45764,47264,45764,48916,45764,48166,45764,47262,45764,48162,45764,48164,45764,46220,45764,48410,45764,48892,45764,47062,45764,48902,45764,48352,45764,47060,45764,48348,45764,48350,45764,46222,45764,48212,45764,49102,45764,47228,45764,48918,45764,48314,45764,47226,45764,48310,45764,48312,45764,46224,45764,48318,45764,49000,45764,47240,45764,48900,45764,48130,45764,47238,45764,48126,45764,48128,45764,46226,45764,48336,45764,48864,45764,47258,45764,48904,45764,48342,45764,47256,45764,48338,45764,48340,45764,46228,45764,48078,45764,49084,45764,47008,45764,48952,45764,48074,45764,47006,45764,48070,45764,48072,45764,46230,45764,48298,45764,49046,45764,47080,45764,49110,45764,48264,45764,47078,45764,48260,45764,48262,45764,46232,45764,48058,45764,49120,45764,47178,45764,48874,45764,48100,45764,47176,45764,48096,45764,48098,45764,46234,45764,48160,45764,49078,45764,47104,45764,49136,45764,48110,45764,47102,45764,48106,45764,48108,45764,46236,45764,48390,45764,49088,45764,47184,45764,48922,45764,48142,45764,47182,45764,48138,45764,48140,45764,46238,45764,48308,45764,48994,45764,47020,45764,48906,45764,48380,45764,47018,45764,48376,45764,48378,45764,46240,45764,48302,45764,48950,45764,47050,45764,49130,45764,48330,45764,47048,45764,48326,45764,48328,45764,46242,45764,48258,45764,49128,45764,47270,45764,49108,45764,48270,45764,47268,45764,48266,45764,48268,45764,46244,45764,48184,45764,49146,45764,47098,45764,48924,45764,48402,45764,47096,45764,48398,45764,48400,45764,46246,45764,48030,45764,48946,45764,47056,45764,48836,45764,48204,45764,47054,45764,48200,45764,48202,45764,46248,45764,48242,45764,49050,45764,47014,45764,48926,45764,48396,45764,47012,45764,48392,45764,48394,45764,46250,45764,48026,45764,49026,45764,47246,45764,49052,45764,48358,45764,47244,45764,48354,45764,48356,45764,46252,45764,48154,45764,48848,45764,47026,45764,48856,45764,48238,45764,47024,45764,48234,45764,48236,45764,46254,45764,48084,45764,49060,45764,47222,45764,49124,45764,48092,45764,47220,45764,48088,45764,48090,45764,46256,45764,48222,45764,48884,45764,47216,45764,48978,45764,48068,45764,47214,45764,48064,45764,48066,45764,46258,45764,48366,45764,48936,45764,47044,45764,49090,45764,48386,45764,47042,45764,48382,45764,48384,45764,46260,45764,48062,45764,48860,45764,47032,45764,49028,45764,48294,45764,47030,45764,48290,45764,48292,45764,46262,45764,48208,45764,49068,45764,47234,45764,49062,45764,48286,45764,47232,45764,48282,45764,48284,45764,46264,45764,48022,45764,48984,45764,47038,45764,48996,45764,48054,45764,47036,45764,48050,45764,48052,45764,46266,45764,48346,45764,49096,45764,47074,45764,49064,45764,48176,45764,47072,45764,48172,45764,48174,45764,47106,45764,47108,45764,47110,45764,47112,45764,47114,45764,47116,45764,47118,45764,47120,45764,47122,45764,47124,45764,47126,45764,47128,45764,47130,45764,47132,45764,47134,45764,47136,45764,47138,45764,47140,45764,47142,45764,47144,45764,47146,45764,47148,45764,47150,45764,47152,45764,47154,45764,47156,45764,47158,45764,47160,45764,47162,45764,47164,45764,47166,45764,47168,45764,47170,45764,47172,45764,49438,43242,49448,43242,49450,49456,49458,49456,49460,49456,49478,49456,49482,49456]]}],"project-settings":[{"id":-1,"assetBundleId":-2,"data":[[["TMPro.TextMeshProUGUI",-100],["UnityEngine.Rendering.Universal.CinemachineUniversalPixelPerfect",-1],["UnityEngine.EventSystems.EventSystem",-1000],["UnityEngine.InputSystem.PlayerInput",-100],["TMPro.TextContainer",-110],["TMPro.TextMeshPro",-105],["UnityEngine.UI.ToggleGroup",10]],[[0,"Default",0]],[[0,"Default"],[1,"TransparentFX"],[2,"Ignore Raycast"],[3,"BallLayer"],[4,"Water"],[5,"UI"],[6,"PostProcessing"],[7,"BallSelection"]],[0.0199999921023846,0.333333343267441,1,0.0333299972116947],[0,-9.8100004196167,0,6,2,0,1,[[0,0,0],[0,0,1],[0,0,2],[0,0,3],[0,0,4],[0,0,5],[0,0,6],[0,0,7],[0,1,0],[0,1,1],[0,1,2],[0,1,3],[0,1,4],[0,1,5],[0,1,6],[0,1,7],[0,2,0],[0,2,1],[0,2,2],[0,2,3],[0,2,4],[0,2,5],[0,2,6],[0,2,7],[0,3,0],[0,3,1],[0,3,2],[0,3,3],[0,3,4],[0,3,5],[0,3,6],[0,3,7],[0,4,0],[0,4,1],[0,4,2],[0,4,3],[0,4,4],[0,4,5],[0,4,6],[0,4,7],[0,5,0],[0,5,1],[0,5,2],[0,5,3],[0,5,4],[0,5,5],[0,5,6],[0,5,7],[0,6,0],[0,6,1],[0,6,2],[0,6,3],[0,6,4],[0,6,5],[0,6,6],[0,6,7],[0,7,0],[0,7,1],[0,7,2],[0,7,3],[0,7,4],[0,7,5],[0,7,6],[0,7,7]]],[null,null,0,-9.8100004196167,3,8,1,0.200000002980232,8,100,360,0.200000002980232,0.75,0.5,0.00999999977648258,2,0.00999999977648258,1,1,1,1,0,0,[[0,0,0],[0,0,1],[0,0,2],[0,0,3],[0,0,4],[0,0,5],[0,0,6],[0,0,7],[0,1,0],[0,1,1],[0,1,2],[0,1,3],[0,1,4],[0,1,5],[0,1,6],[0,1,7],[0,2,0],[0,2,1],[0,2,2],[0,2,3],[0,2,4],[0,2,5],[0,2,6],[0,2,7],[0,3,0],[0,3,1],[0,3,2],[0,3,3],[0,3,4],[0,3,5],[0,3,6],[0,3,7],[0,4,0],[0,4,1],[0,4,2],[0,4,3],[0,4,4],[0,4,5],[0,4,6],[0,4,7],[0,5,0],[0,5,1],[0,5,2],[0,5,3],[0,5,4],[0,5,5],[0,5,6],[0,5,7],[0,6,0],[0,6,1],[0,6,2],[0,6,3],[0,6,4],[0,6,5],[0,6,6],[0,6,7],[0,7,0],[0,7,1],[0,7,2],[0,7,3],[0,7,4],[0,7,5],[0,7,6],[0,7,7]]],[[[[],["Mobile","PC"],2,1,0,1,2,40,0,1,1,0,1,0,0,0,2,256,2,0,0.333333343267441,0.0666666701436043,0.200000002980232,0.466666668653488,0,0,16,2,1,3,512,0,1,2,512,1,1024,0],[[],["Mobile","PC"],2,2,0,2,2,40,1,1,1,0,1,0,0,0,2,256,2,0,0.333333343267441,0.0666666701436043,0.200000002980232,0.466666668653488,0,0,16,2,1,3,512,0,1,2,512,1,1024,1]],["Mobile","PC"],2,2,0,2,2,40,1,1,1,0,1,0,0,0,2,256,2,0,0.333333343267441,0.0666666701436043,0.200000002980232,0.466666668653488,0,0,16,2,1,3,512,0,1,2,512,1,1024,1],0,0,0,0,2,0,["Untagged","Respawn","Finish","EditorOnly","MainCamera","Player","GameController","ballTag","ThrownAbleDetector","Slope","BasketRing","MissDetector"]]}]}