{"materials":[{"id":952,"path":"Resources/unity_builtin_extra\\Default-Skybox","assetBundleId":-2,"data":["Default-Skybox",0,154,1000,0,[["_SunDisk",1],["_SunSize",0.0399999991059303],["_SunSizeConvergence",5],["_AtmosphereThickness",1],["_Exposure",1.29999995231628]],[["_SkyTint",0.5,0.5,0.5,1],["_GroundColor",0.36899995803833,0.348999977111816,0.340999931097031,1]],[],[],[["_SUNDISK_SIMPLE",1]]]}],"shaders":[{"id":306,"assetBundleId":-2,"data":[[],"Unlit/Texture",null,["FOG_EXP","FOG_EXP2","FOG_LINEAR","STEREO_CUBEMAP_RENDER_ON","STEREO_INSTANCING_ON","STEREO_MULTIVIEW_ON","UNITY_SINGLE_PASS_STEREO","__"],[[0,0,"",0,"",0,[4,null],[1,null],[2,null],[[1,null],[0,null],[0,null]],[[1,null],[0,null],[0,null]],[15,null],[0,null],[0,null],[0,null],[255,null],[255,null],[[0,null],[0,null],[0,null],[8,null]],[[0,null],[0,null],[0,null],[8,null]],[[0,null],[0,null],[0,null],[8,null]],[["RenderType","Opaque"]],["FOG_EXP","FOG_EXP2","FOG_LINEAR","STEREO_CUBEMAP_RENDER_ON","STEREO_INSTANCING_ON","STEREO_MULTIVIEW_ON","UNITY_SINGLE_PASS_STEREO","__"],[],[[0,0,[],0,1,1,0]],[],0]],[],[["_MainTex",4,0,0,0,0,"white",0]],null,null,0,0,0,0,0]},{"id":296,"assetBundleId":-2,"data":[[],"Mobile/Particles/Alpha Blended",null,["FOG_EXP","FOG_EXP2","FOG_LINEAR","STEREO_CUBEMAP_RENDER_ON","STEREO_INSTANCING_ON","STEREO_MULTIVIEW_ON","UNITY_SINGLE_PASS_STEREO","_"],[[0,0,"",0,"",0,[4,null],[0,null],[0,null],[[5,null],[10,null],[0,null]],[[5,null],[10,null],[0,null]],[15,null],[0,null],[0,null],[0,null],[255,null],[255,null],[[0,null],[0,null],[0,null],[8,null]],[[0,null],[0,null],[0,null],[8,null]],[[0,null],[0,null],[0,null],[8,null]],[["IGNOREPROJECTOR","true"],["PreviewType","Plane"],["QUEUE","Transparent"],["RenderType","Transparent"]],["FOG_EXP","FOG_EXP2","FOG_LINEAR","STEREO_CUBEMAP_RENDER_ON","STEREO_INSTANCING_ON","STEREO_MULTIVIEW_ON","UNITY_SINGLE_PASS_STEREO","_"],[],[[0,0,[],2,3,1,0]],[],0]],[],[["_MainTex",4,0,0,0,0,"white",0]],null,null,0,0,0,0,0]},{"id":302,"assetBundleId":-2,"data":[[],"Unlit/Transparent",null,["FOG_EXP","FOG_EXP2","FOG_LINEAR","STEREO_CUBEMAP_RENDER_ON","STEREO_INSTANCING_ON","STEREO_MULTIVIEW_ON","UNITY_SINGLE_PASS_STEREO","__"],[[0,0,"",0,"",0,[4,null],[0,null],[2,null],[[5,null],[10,null],[0,null]],[[5,null],[10,null],[0,null]],[15,null],[0,null],[0,null],[0,null],[255,null],[255,null],[[0,null],[0,null],[0,null],[8,null]],[[0,null],[0,null],[0,null],[8,null]],[[0,null],[0,null],[0,null],[8,null]],[["IGNOREPROJECTOR","true"],["QUEUE","Transparent"],["RenderType","Transparent"]],["FOG_EXP","FOG_EXP2","FOG_LINEAR","STEREO_CUBEMAP_RENDER_ON","STEREO_INSTANCING_ON","STEREO_MULTIVIEW_ON","UNITY_SINGLE_PASS_STEREO","__"],[],[[0,0,[],4,5,1,0]],[],0]],[],[["_MainTex",4,0,0,0,0,"white",0]],null,null,0,0,0,0,0]},{"id":294,"assetBundleId":-2,"data":[[],"Mobile/Particles/Additive",null,["FOG_EXP","FOG_EXP2","FOG_LINEAR","STEREO_CUBEMAP_RENDER_ON","STEREO_INSTANCING_ON","STEREO_MULTIVIEW_ON","UNITY_SINGLE_PASS_STEREO","_"],[[0,0,"",0,"",0,[4,null],[0,null],[0,null],[[5,null],[1,null],[0,null]],[[5,null],[1,null],[0,null]],[15,null],[0,null],[0,null],[0,null],[255,null],[255,null],[[0,null],[0,null],[0,null],[8,null]],[[0,null],[0,null],[0,null],[8,null]],[[0,null],[0,null],[0,null],[8,null]],[["IGNOREPROJECTOR","true"],["PreviewType","Plane"],["QUEUE","Transparent"],["RenderType","Transparent"]],["FOG_EXP","FOG_EXP2","FOG_LINEAR","STEREO_CUBEMAP_RENDER_ON","STEREO_INSTANCING_ON","STEREO_MULTIVIEW_ON","UNITY_SINGLE_PASS_STEREO","_"],[],[[0,0,[],2,3,1,0]],[],0]],[],[["_MainTex",4,0,0,0,0,"white",0]],null,null,0,0,0,0,0]},{"id":154,"assetBundleId":-2,"data":[[],"Skybox/Procedural",null,["_SUNDISK_HIGH_QUALITY","_SUNDISK_NONE","_SUNDISK_SIMPLE","STEREO_CUBEMAP_RENDER_ON","STEREO_INSTANCING_ON","STEREO_MULTIVIEW_ON","UNITY_SINGLE_PASS_STEREO"],[[0,0,"",0,"",0,[4,null],[0,null],[0,null],[[1,null],[0,null],[0,null]],[[1,null],[0,null],[0,null]],[15,null],[0,null],[0,null],[0,null],[255,null],[255,null],[[0,null],[0,null],[0,null],[8,null]],[[0,null],[0,null],[0,null],[8,null]],[[0,null],[0,null],[0,null],[8,null]],[["PreviewType","Skybox"],["QUEUE","Background"],["RenderType","Background"]],["STEREO_CUBEMAP_RENDER_ON","STEREO_INSTANCING_ON","STEREO_MULTIVIEW_ON","UNITY_SINGLE_PASS_STEREO","_SUNDISK_HIGH_QUALITY","_SUNDISK_NONE","_SUNDISK_SIMPLE"],[],[],[],0]],[],[["_SunDisk",2,2,0,0,0,"",0],["_SunSize",3,0.0399999991059303,0,1,0,"",0],["_SunSizeConvergence",3,5,1,10,0,"",0],["_AtmosphereThickness",3,1,0,5,0,"",0],["_SkyTint",0,0.5,0.5,0.5,1,"",0],["_GroundColor",0,0.368999987840652,0.349000006914139,0.340999990701675,1,"",0],["_Exposure",3,1.29999995231628,0,8,0,"",0]],null,null,0,0,0,0,0]},{"id":28,"assetBundleId":-2,"data":[[],"UI/Default",null,["UNITY_UI_ALPHACLIP","UNITY_UI_CLIP_RECT","STEREO_CUBEMAP_RENDER_ON","STEREO_INSTANCING_ON","STEREO_MULTIVIEW_ON","UNITY_SINGLE_PASS_STEREO","_"],[[0,0,"Default",0,"",0,[0,"unity_GUIZTestMode"],[0,null],[0,null],[[1,null],[10,null],[0,null]],[[1,null],[10,null],[0,null]],[0,"_ColorMask"],[0,null],[0,null],[0,"_Stencil"],[0,"_StencilReadMask"],[0,"_StencilWriteMask"],[[0,"_StencilOp"],[0,null],[0,null],[0,"_StencilComp"]],[[0,null],[0,null],[0,null],[8,null]],[[0,null],[0,null],[0,null],[8,null]],[["CanUseSpriteAtlas","true"],["IGNOREPROJECTOR","true"],["PreviewType","Plane"],["QUEUE","Transparent"],["RenderType","Transparent"]],["STEREO_CUBEMAP_RENDER_ON","STEREO_INSTANCING_ON","STEREO_MULTIVIEW_ON","UNITY_SINGLE_PASS_STEREO","UNITY_UI_ALPHACLIP","UNITY_UI_CLIP_RECT","_"],[],[[0,0,[],6,7,1,0]],[],0]],[],[["_MainTex",4,0,0,0,0,"white",2],["_Color",0,1,1,1,1,"",0],["_StencilComp",2,8,0,0,0,"",0],["_Stencil",2,0,0,0,0,"",0],["_StencilOp",2,0,0,0,0,"",0],["_StencilWriteMask",2,255,0,0,0,"",0],["_StencilReadMask",2,255,0,0,0,"",0],["_ColorMask",2,15,0,0,0,"",0],["_UseUIAlphaClip",2,0,0,0,0,"",0]],null,null,0,0,0,0,0]},{"id":48,"assetBundleId":-2,"data":[[],"Hidden/BlitCopy",null,["STEREO_CUBEMAP_RENDER_ON","STEREO_INSTANCING_ON","STEREO_MULTIVIEW_ON","UNITY_SINGLE_PASS_STEREO"],[[0,0,"",0,"",0,[8,null],[0,null],[0,null],[[1,null],[0,null],[0,null]],[[1,null],[0,null],[0,null]],[15,null],[0,null],[0,null],[0,null],[255,null],[255,null],[[0,null],[0,null],[0,null],[8,null]],[[0,null],[0,null],[0,null],[8,null]],[[0,null],[0,null],[0,null],[8,null]],[],["STEREO_CUBEMAP_RENDER_ON","STEREO_INSTANCING_ON","STEREO_MULTIVIEW_ON","UNITY_SINGLE_PASS_STEREO"],[],[],[],0]],[],[["_MainTex",4,0,0,0,0,"",0],["_Color",0,1,1,1,1,"",0]],null,null,0,0,0,0,0]}],"sprites":[{"id":974,"path":"Resources/unity_builtin_extra\\Background","assetBundleId":-2,"data":["Background",1,972,[0,0,0,0.08,0.08,0],[0.05,0.08,0,0.8125,1,0.08,-0.08,0,1,0,0.08,0.075,0,1,0.96875,-0.07,0.08,0,0.0625,1,-0.075,-0.08,0,0.03124997,0,-0.08,0.07,0,0,0.9375,-0.08,-0.05,0,0,0.1875],[6,5,4,3,4,5,1,4,3,0,1,3,2,1,0],-0.000835968181490898,-0.00160364620387554,0.999164044857025,0.998396337032318,0,0,1,1,0.3125,0.3125,0.3125,0.3125,[0,0,0,0],[-0.08,-0.08,0.08,0.08],200,32,32,32,32,16,16,0.0267509818077087,0.0513166785240173]},{"id":990,"path":"Resources/unity_builtin_extra\\UIMask","assetBundleId":-2,"data":["UIMask",1,988,[0,0,0,0.07,0.07,0],[0.055,0.07,0,0.84375,0.9375,0.07,-0.06,0,0.9375,0.125,0.07,0.055,0,0.9375,0.84375,0.055,-0.07,0,0.84375,0.0625,-0.065,-0.07,0,0.09375,0.0625,-0.07,0.07,0,0.0625,0.9375,-0.07,-0.06,0,0.0625,0.125],[6,5,4,0,4,5,3,4,0,1,3,0,2,1,0],-0.000835970044136047,-0.000835970044136047,0.999164044857025,0.999164044857025,0.0625,0.0625,0.9375,0.9375,0.3125,0.3125,0.3125,0.3125,[0,0,0,0],[-0.08,-0.08,0.08,0.08],200,32,32,32,32,16,16,2.02675104141235,2.02675104141235]}],"textures":[{"id":988,"type":0,"path":"Resources/unity_builtin_extra\\UIMask","assetBundleId":-2,"data":["UIMask",32,32,6,16,1,0,4,1,1,1,4,1,1,1,1]},{"id":972,"type":0,"path":"Resources/unity_builtin_extra\\Background","assetBundleId":-2,"data":["Background",32,32,6,16,1,0,4,1,1,1,4,1,1,1,1]}],"cubemaps":[{"id":1014,"type":2,"path":"Assets/!/_Scenes/LunaScene.unity/PrefilteredEnvironment.exr","assetBundleId":-2,"data":["Default-Skybox-Cubemap",-806532,8,1,128,0,2,[0,0,0.25,0.5,0,0.5,0.25,1,0.25,0,0.5,0.5,0.25,0.5,0.5,1,0.5,0,0.75,0.5,0.75,0,1,0.5,0.5,0.5,0.625,0.75,0.5,0.75,0.625,1,0.625,0.5,0.75,0.75,0.625,0.75,0.75,1,0.75,0.5,0.875,0.75,0.875,0.5,1,0.75,0.75,0.75,0.8125,0.875,0.75,0.875,0.8125,1,0.8125,0.75,0.875,0.875,0.8125,0.875,0.875,1,0.875,0.75,0.9375,0.875,0.9375,0.75,1,0.875,0.875,0.875,0.90625,0.9375,0.875,0.9375,0.90625,1,0.90625,0.875,0.9375,0.9375,0.90625,0.9375,0.9375,1,0.9375,0.875,0.96875,0.9375,0.96875,0.875,1,0.9375,0.9375,0.9375,0.953125,0.96875,0.9375,0.96875,0.953125,1,0.953125,0.9375,0.96875,0.96875,0.953125,0.96875,0.96875,1,0.96875,0.9375,0.984375,0.96875,0.984375,0.9375,1,0.96875,0.96875,0.96875,0.9765625,0.984375,0.96875,0.984375,0.9765625,1,0.9765625,0.96875,0.984375,0.984375,0.9765625,0.984375,0.984375,1,0.984375,0.96875,0.9921875,0.984375,0.9921875,0.96875,1,0.984375,0.984375,0.984375,0.98828125,0.9921875,0.984375,0.9921875,0.98828125,1,0.98828125,0.984375,0.9921875,0.9921875,0.98828125,0.9921875,0.9921875,1,0.9921875,0.984375,0.99609375,0.9921875,0.99609375,0.984375,1,0.9921875,0.9921875,0.9921875,0.994140625,0.99609375,0.9921875,0.99609375,0.994140625,1,0.994140625,0.9921875,0.99609375,0.99609375,0.994140625,0.99609375,0.99609375,1,0.99609375,0.9921875,0.998046875,0.99609375,0.998046875,0.9921875,1,0.99609375],1,1]}],"resources":[{"id":0,"assetBundleId":-2,"data":[[["unity_builtin_extra",0,306],["unity_builtin_extra",0,302],["unity_builtin_extra",0,294],["unity_builtin_extra",0,296],["unity_builtin_extra",1,972],["unity_builtin_extra",41,974],["unity_builtin_extra",0,154],["unity_builtin_extra",6,952],["unity_builtin_extra",49,1014],["unity_builtin_extra",0,28],["fonts & materials/liberationsans sdf",1,41712],["fonts & materials/liberationsans sdf",6,41710],["fonts & materials/liberationsans sdf - fallback",1,41750],["fonts & materials/liberationsans sdf - fallback",6,41748],["fonts & materials/liberationsans sdf - fallback",40,41746],["fonts & materials/liberationsans sdf",40,41708],["sprite assets/emojione",6,43254],["sprite assets/emojione",97,41734],["style sheets/default style sheet",98,41698],["linebreaking leading characters",99,42868],["linebreaking following characters",99,42870],["tmp settings",96,41802],["debuguicanvas",31,43132],["unity_builtin_extra",1,988],["unity_builtin_extra",41,990],["debuguipersistentcanvas",31,43134],["fonts & materials/liberationsans sdf - drop shadow",6,41552],["fonts & materials/liberationsans sdf - outline",6,41772]],[42772,42770,42854,42770,42856,42770,42858,42770,100144,99866,42840,42718,42844,42718,42738,42718,-806122,100272,42850,42718,42852,42718,-806128,100272,100032,100272,42766,42718,42846,42718,42838,42718,42740,42718,42726,42718,42722,42718,42720,42718,100062,100272,-806098,100272,-806104,100272,100626,100272,100614,100272,-806026,100272,-806032,100272,99894,100272,100600,100272,-806074,100272,-806080,100272,99946,100272,100552,100272,-806050,100272,-806056,100272,100564,100272,100628,100272,46302,45556,47306,45556,45782,45556,48422,45556,45770,45556,46306,45556,47310,45556,48430,45556,46304,45556,45558,45556,45500,45556,45774,45556,46286,45556,45560,45556,46298,45556,47290,45556,45776,45556,48410,45556,46292,45556,47286,45556,45778,45556,48412,45556,47266,45556,47274,45556,46312,45556,47296,45556,45786,45556,48436,45556,45562,45556,46284,45556,46278,45556,45502,45566,45568,45566,45570,45566,46316,45566,46320,45566,45504,45574,45798,45574,46332,45574,45578,45574,47320,45574,46328,45574,45576,45574,46324,45574,46326,45574,45506,45582,45586,45582,47344,45582,45802,45582,47338,45582,47330,45582,47350,45582,45808,45582,45810,45582,45812,45582,45814,45582,45816,45582,45584,45582,46336,45582,46338,45582,45508,45590,45594,45590,47356,45590,45818,45590,47376,45590,47364,45590,47370,45590,45824,45590,45826,45590,45828,45590,45830,45590,45832,45590,45592,45590,46352,45590,46354,45590,45510,45598,45602,45598,47396,45598,45834,45598,47390,45598,47384,45598,47402,45598,45840,45598,45842,45598,45844,45598,45846,45598,45848,45598,45600,45598,46368,45598,46370,45598,45512,45606,45610,45606,46388,45606,45850,45606,46386,45606,45854,45606,45856,45606,45858,45606,45608,45606,46384,45606,46390,45606,45514,45614,45616,45614,45864,45614,45868,45614,46400,45614,45622,45620,45884,45620,45886,45620,45888,45620,45516,45620,45624,45620,46414,45620,46412,45620,45630,45628,45910,45628,45912,45628,45914,45628,45916,45628,45518,45628,45900,45628,46446,45628,46448,45628,45632,45628,47448,45628,47450,45628,45902,45628,46454,45628,46456,45628,47436,45628,47438,45628,45904,45628,46462,45628,46464,45628,47444,45628,47446,45628,45906,45628,46472,45628,46474,45628,47440,45628,47442,45628,46432,45628,46430,45628,46434,45628,46436,45628,46438,45628,46440,45628,46442,45628,45638,45636,45928,45636,45930,45636,45932,45636,45520,45636,45936,45636,46494,45636,46496,45636,45640,45636,47482,45636,47484,45636,45938,45636,46506,45636,46508,45636,47478,45636,47480,45636,46486,45636,46484,45636,46488,45636,46490,45636,45646,45644,45950,45644,45952,45644,45954,45644,45522,45644,45958,45644,46536,45644,46538,45644,45648,45644,47504,45644,47506,45644,45960,45644,46542,45644,46544,45644,47512,45644,47514,45644,45962,45644,46548,45644,46550,45644,47508,45644,47510,45644,46520,45644,46510,45644,46522,45644,46524,45644,46526,45644,45654,45652,45984,45652,45986,45652,45988,45652,45524,45652,45974,45652,46574,45652,46576,45652,45656,45652,47542,45652,47544,45652,45976,45652,46586,45652,46588,45652,47538,45652,47540,45652,45978,45652,46594,45652,46596,45652,47550,45652,47552,45652,45980,45652,46580,45652,46582,45652,47546,45652,47548,45652,46562,45652,46552,45652,46564,45652,46566,45652,46568,45652,46570,45652,45526,45660,45528,45664,45670,45668,46016,45668,45530,45668,45672,45668,46610,45668,45678,45676,46088,45676,46090,45676,46092,45676,45532,45676,46022,45676,47690,45676,48610,45676,46684,45676,48598,45676,47678,45676,46682,45676,45680,45676,47674,45676,47676,45676,46024,45676,47744,45676,48690,45676,46744,45676,48684,45676,47750,45676,46742,45676,47746,45676,47748,45676,46026,45676,47734,45676,48512,45676,46738,45676,48520,45676,47928,45676,46736,45676,47924,45676,47926,45676,46028,45676,47724,45676,48642,45676,46868,45676,48740,45676,47672,45676,46866,45676,47668,45676,47670,45676,46030,45676,47802,45676,48784,45676,46708,45676,48576,45676,47602,45676,46706,45676,47598,45676,47600,45676,46032,45676,47700,45676,48708,45676,46618,45676,48636,45676,47808,45676,46616,45676,47804,45676,47806,45676,46034,45676,47828,45676,48580,45676,46702,45676,48502,45676,47878,45676,46700,45676,47874,45676,47876,45676,46036,45676,47594,45676,48566,45676,46880,45676,48584,45676,47720,45676,46878,45676,47716,45676,47718,45676,46038,45676,47964,45676,48560,45676,46678,45676,48570,45676,47906,45676,46676,45676,47902,45676,47904,45676,46040,45676,47766,45676,48770,45676,46844,45676,48586,45676,47868,45676,46842,45676,47864,45676,47866,45676,46042,45676,47872,45676,48668,45676,46856,45676,48568,45676,47684,45676,46854,45676,47680,45676,47682,45676,46044,45676,47890,45676,48532,45676,46874,45676,48572,45676,47896,45676,46872,45676,47892,45676,47894,45676,46046,45676,47632,45676,48752,45676,46624,45676,48620,45676,47628,45676,46622,45676,47624,45676,47626,45676,46048,45676,47852,45676,48714,45676,46696,45676,48778,45676,47818,45676,46694,45676,47814,45676,47816,45676,46050,45676,47612,45676,48788,45676,46726,45676,48542,45676,47654,45676,46724,45676,47650,45676,47652,45676,46052,45676,47714,45676,48746,45676,46720,45676,48804,45676,47664,45676,46718,45676,47660,45676,47662,45676,46054,45676,47944,45676,48756,45676,46732,45676,48590,45676,47696,45676,46730,45676,47692,45676,47694,45676,46056,45676,47862,45676,48662,45676,46636,45676,48574,45676,47934,45676,46634,45676,47930,45676,47932,45676,46058,45676,47856,45676,48618,45676,46666,45676,48798,45676,47884,45676,46664,45676,47880,45676,47882,45676,46060,45676,47812,45676,48796,45676,46886,45676,48776,45676,47824,45676,46884,45676,47820,45676,47822,45676,46062,45676,47738,45676,48814,45676,46714,45676,48592,45676,47956,45676,46712,45676,47952,45676,47954,45676,46064,45676,47584,45676,48614,45676,46672,45676,48504,45676,47758,45676,46670,45676,47754,45676,47756,45676,46066,45676,47796,45676,48718,45676,46630,45676,48594,45676,47950,45676,46628,45676,47946,45676,47948,45676,46068,45676,47580,45676,48694,45676,46862,45676,48720,45676,47912,45676,46860,45676,47908,45676,47910,45676,46070,45676,47708,45676,48516,45676,46642,45676,48524,45676,47792,45676,46640,45676,47788,45676,47790,45676,46072,45676,47638,45676,48728,45676,46838,45676,48792,45676,47646,45676,46836,45676,47642,45676,47644,45676,46074,45676,47776,45676,48552,45676,46832,45676,48646,45676,47622,45676,46830,45676,47618,45676,47620,45676,46076,45676,47920,45676,48604,45676,46660,45676,48758,45676,47940,45676,46658,45676,47936,45676,47938,45676,46078,45676,47616,45676,48528,45676,46648,45676,48696,45676,47848,45676,46646,45676,47844,45676,47846,45676,46080,45676,47762,45676,48736,45676,46850,45676,48730,45676,47840,45676,46848,45676,47836,45676,47838,45676,46082,45676,47576,45676,48652,45676,46654,45676,48664,45676,47608,45676,46652,45676,47604,45676,47606,45676,46084,45676,47900,45676,48764,45676,46690,45676,48732,45676,47730,45676,46688,45676,47726,45676,47728,45676,46754,45676,46752,45676,46756,45676,46758,45676,46760,45676,46762,45676,46764,45676,46766,45676,46768,45676,46770,45676,46772,45676,46774,45676,46776,45676,46778,45676,46780,45676,46782,45676,46784,45676,46786,45676,46788,45676,46790,45676,46792,45676,46794,45676,46796,45676,46798,45676,46800,45676,46802,45676,46804,45676,46806,45676,46808,45676,46810,45676,46812,45676,46814,45676,46816,45676,46818,45676,45534,45684,46108,45684,46890,45684,45688,45684,47968,45684,46896,45684,45686,45684,46892,45684,46894,45684,45536,45692,45694,45692,45696,45692,46906,45692,46902,45692,45702,45700,46128,45700,46130,45700,46132,45700,45538,45700,45704,45700,46918,45700,46916,45700,45540,45708,45710,45708,46928,45708,45542,45714,45718,45714,46152,45714,46154,45714,45716,45714,46932,45714,46936,45714,45544,45722,45724,45722,45726,45722,46942,45722,46946,45722,45546,45730,45732,45730,45734,45730,46950,45730,46954,45730,45548,45738,45742,45738,46966,45738,46964,45738,46172,45738,46174,45738,46176,45738,45740,45738,46958,45738,46968,45738,45550,45746,45750,45746,46976,45746,46188,45746,46974,45746,46182,45746,46184,45746,46186,45746,45748,45746,46978,45746,46980,45746,45756,45754,46260,45754,46262,45754,46264,45754,45552,45754,46194,45754,48126,45754,48932,45754,47058,45754,48920,45754,48114,45754,47056,45754,45758,45754,48110,45754,48112,45754,46196,45754,48180,45754,49012,45754,47186,45754,49006,45754,48186,45754,47184,45754,48182,45754,48184,45754,46198,45754,48170,45754,48834,45754,47180,45754,48842,45754,48364,45754,47178,45754,48360,45754,48362,45754,46200,45754,48160,45754,48964,45754,47242,45754,49062,45754,48108,45754,47240,45754,48104,45754,48106,45754,46202,45754,48238,45754,49106,45754,47082,45754,48898,45754,48038,45754,47080,45754,48034,45754,48036,45754,46204,45754,48136,45754,49030,45754,46992,45754,48958,45754,48244,45754,46990,45754,48240,45754,48242,45754,46206,45754,48264,45754,48902,45754,47076,45754,48824,45754,48314,45754,47074,45754,48310,45754,48312,45754,46208,45754,48030,45754,48888,45754,47254,45754,48906,45754,48156,45754,47252,45754,48152,45754,48154,45754,46210,45754,48400,45754,48882,45754,47052,45754,48892,45754,48342,45754,47050,45754,48338,45754,48340,45754,46212,45754,48202,45754,49092,45754,47218,45754,48908,45754,48304,45754,47216,45754,48300,45754,48302,45754,46214,45754,48308,45754,48990,45754,47230,45754,48890,45754,48120,45754,47228,45754,48116,45754,48118,45754,46216,45754,48326,45754,48854,45754,47248,45754,48894,45754,48332,45754,47246,45754,48328,45754,48330,45754,46218,45754,48068,45754,49074,45754,46998,45754,48942,45754,48064,45754,46996,45754,48060,45754,48062,45754,46220,45754,48288,45754,49036,45754,47070,45754,49100,45754,48254,45754,47068,45754,48250,45754,48252,45754,46222,45754,48048,45754,49110,45754,47168,45754,48864,45754,48090,45754,47166,45754,48086,45754,48088,45754,46224,45754,48150,45754,49068,45754,47094,45754,49126,45754,48100,45754,47092,45754,48096,45754,48098,45754,46226,45754,48380,45754,49078,45754,47174,45754,48912,45754,48132,45754,47172,45754,48128,45754,48130,45754,46228,45754,48298,45754,48984,45754,47010,45754,48896,45754,48370,45754,47008,45754,48366,45754,48368,45754,46230,45754,48292,45754,48940,45754,47040,45754,49120,45754,48320,45754,47038,45754,48316,45754,48318,45754,46232,45754,48248,45754,49118,45754,47260,45754,49098,45754,48260,45754,47258,45754,48256,45754,48258,45754,46234,45754,48174,45754,49136,45754,47088,45754,48914,45754,48392,45754,47086,45754,48388,45754,48390,45754,46236,45754,48020,45754,48936,45754,47046,45754,48826,45754,48194,45754,47044,45754,48190,45754,48192,45754,46238,45754,48232,45754,49040,45754,47004,45754,48916,45754,48386,45754,47002,45754,48382,45754,48384,45754,46240,45754,48016,45754,49016,45754,47236,45754,49042,45754,48348,45754,47234,45754,48344,45754,48346,45754,46242,45754,48144,45754,48838,45754,47016,45754,48846,45754,48228,45754,47014,45754,48224,45754,48226,45754,46244,45754,48074,45754,49050,45754,47212,45754,49114,45754,48082,45754,47210,45754,48078,45754,48080,45754,46246,45754,48212,45754,48874,45754,47206,45754,48968,45754,48058,45754,47204,45754,48054,45754,48056,45754,46248,45754,48356,45754,48926,45754,47034,45754,49080,45754,48376,45754,47032,45754,48372,45754,48374,45754,46250,45754,48052,45754,48850,45754,47022,45754,49018,45754,48284,45754,47020,45754,48280,45754,48282,45754,46252,45754,48198,45754,49058,45754,47224,45754,49052,45754,48276,45754,47222,45754,48272,45754,48274,45754,46254,45754,48012,45754,48974,45754,47028,45754,48986,45754,48044,45754,47026,45754,48040,45754,48042,45754,46256,45754,48336,45754,49086,45754,47064,45754,49054,45754,48166,45754,47062,45754,48162,45754,48164,45754,47096,45754,47098,45754,47100,45754,47102,45754,47104,45754,47106,45754,47108,45754,47110,45754,47112,45754,47114,45754,47116,45754,47118,45754,47120,45754,47122,45754,47124,45754,47126,45754,47128,45754,47130,45754,47132,45754,47134,45754,47136,45754,47138,45754,47140,45754,47142,45754,47144,45754,47146,45754,47148,45754,47150,45754,47152,45754,47154,45754,47156,45754,47158,45754,47160,45754,47162,45754,49428,43134,49438,43134,49440,49446,49448,49446,49450,49446,49468,49446,49472,49446]]}],"project-settings":[{"id":-1,"assetBundleId":-2,"data":[[["TMPro.TextMeshProUGUI",-100],["UnityEngine.Rendering.Universal.CinemachineUniversalPixelPerfect",-1],["UnityEngine.EventSystems.EventSystem",-1000],["UnityEngine.InputSystem.PlayerInput",-100],["TMPro.TextContainer",-110],["TMPro.TextMeshPro",-105],["UnityEngine.UI.ToggleGroup",10]],[[0,"Default",0]],[[0,"Default"],[1,"TransparentFX"],[2,"Ignore Raycast"],[3,"BallLayer"],[4,"Water"],[5,"UI"],[6,"PostProcessing"],[7,"BallSelection"]],[0.0199999921023846,0.333333343267441,1,0.0333299972116947],[0,-9.8100004196167,0,6,2,0,1,[[0,0,0],[0,0,1],[0,0,2],[0,0,3],[0,0,4],[0,0,5],[0,0,6],[0,0,7],[0,1,0],[0,1,1],[0,1,2],[0,1,3],[0,1,4],[0,1,5],[0,1,6],[0,1,7],[0,2,0],[0,2,1],[0,2,2],[0,2,3],[0,2,4],[0,2,5],[0,2,6],[0,2,7],[0,3,0],[0,3,1],[0,3,2],[0,3,3],[0,3,4],[0,3,5],[0,3,6],[0,3,7],[0,4,0],[0,4,1],[0,4,2],[0,4,3],[0,4,4],[0,4,5],[0,4,6],[0,4,7],[0,5,0],[0,5,1],[0,5,2],[0,5,3],[0,5,4],[0,5,5],[0,5,6],[0,5,7],[0,6,0],[0,6,1],[0,6,2],[0,6,3],[0,6,4],[0,6,5],[0,6,6],[0,6,7],[0,7,0],[0,7,1],[0,7,2],[0,7,3],[0,7,4],[0,7,5],[0,7,6],[0,7,7]]],[null,null,0,-9.8100004196167,3,8,1,0.200000002980232,8,100,360,0.200000002980232,0.75,0.5,0.00999999977648258,2,0.00999999977648258,1,1,1,1,0,0,[[0,0,0],[0,0,1],[0,0,2],[0,0,3],[0,0,4],[0,0,5],[0,0,6],[0,0,7],[0,1,0],[0,1,1],[0,1,2],[0,1,3],[0,1,4],[0,1,5],[0,1,6],[0,1,7],[0,2,0],[0,2,1],[0,2,2],[0,2,3],[0,2,4],[0,2,5],[0,2,6],[0,2,7],[0,3,0],[0,3,1],[0,3,2],[0,3,3],[0,3,4],[0,3,5],[0,3,6],[0,3,7],[0,4,0],[0,4,1],[0,4,2],[0,4,3],[0,4,4],[0,4,5],[0,4,6],[0,4,7],[0,5,0],[0,5,1],[0,5,2],[0,5,3],[0,5,4],[0,5,5],[0,5,6],[0,5,7],[0,6,0],[0,6,1],[0,6,2],[0,6,3],[0,6,4],[0,6,5],[0,6,6],[0,6,7],[0,7,0],[0,7,1],[0,7,2],[0,7,3],[0,7,4],[0,7,5],[0,7,6],[0,7,7]]],[[[[],["Mobile","PC"],2,1,0,1,2,40,0,1,1,0,1,1,1,0,2,256,2,0,0.333333343267441,0.0666666701436043,0.200000002980232,0.466666668653488,0,0,16,2,1,3,512,0,1,2,512,1,1024,0],[[],["Mobile","PC"],2,2,0,2,2,40,1,1,1,0,1,1,1,0,2,256,2,0,0.333333343267441,0.0666666701436043,0.200000002980232,0.466666668653488,0,0,16,2,1,3,512,0,1,2,512,1,1024,1]],["Mobile","PC"],2,1,0,1,2,40,0,1,1,0,1,1,1,0,2,256,2,0,0.333333343267441,0.0666666701436043,0.200000002980232,0.466666668653488,0,0,16,2,1,3,512,0,1,2,512,1,1024,0],0,0,0,0,1,1,["Untagged","Respawn","Finish","EditorOnly","MainCamera","Player","GameController","ballTag","ThrownAbleDetector","Slope","BasketRing","MissDetector"]]}]}